bloc,traitement,traite,plant,projet,annee,site,date_semis,date_repiquage,sem_repiq,period_repiq,date_fert_1,sem_fert1,period_fert1,date_1,sem_d1,period_d1,haut1,feuil1,diam4,date_2,sem_d2,period_d2,haut2,feuil2,diam2,date_fert_2,sem_fert2,period_fert2,date_3,sem_d3,period_d3,haut3,feuil3,diam3,date_4,sem_d4,period_d4,haut4,feuil4,diam4,date_5,sem_d5,period_d5,nb_plants_5,nfleurs_5_m2,nfruits_5_m2,date_6,sem_d6,period_d6,nb_plants_6,nfleurs_6_m2,nfruits_6_m2,date_7,sem_d7,period_d7,nb_plants_7,nfleurs_7_m2,nfruits_7_m2,date_recolte_1,sem_re1,period_re1,date_recolte_2,date_recolte_3,sem_re3,period_re3,nfruits_re_m2,rdt_kghac,rdt_kgha,rdt_tha
1,T0,Temoin,plant 1,Stage L3 AGRI,2021,Perimetre maraicher Torgokaha,2020-12-01,2021-01-04,4.86,Sem AS,2021-01-11,1.00,Sem AR,2021-01-25,3.00,Sem AR,12.00,6.00,3.60,2021-02-08,5.00,Sem AR,18.00,7.00,5.00,2021-02-10,5.29,Sem AR,2021-02-15,6.00,Sem AR,22.00,8.00,6.10,2021-02-22,7.00,Sem AR,24.50,9.00,6.48,2021-02-25,7.43,Sem AR,6,26.67,0.67,2021-03-04,8.43,Sem AR,4,25.00,1.00,2021-03-11,9.43,Sem AR,4,24.00,14.00,2021-03-11,9.43,Sem AR,2021-03-20,2021-03-27,11.71,Sem AR,2.00,233.00,233.00,0.23
1,T0,Temoin,plant 3,Stage L3 AGRI,2021,Perimetre maraicher Torgokaha,2020-12-01,2021-01-04,4.86,Sem AS,2021-01-11,1.00,Sem AR,2021-01-25,3.00,Sem AR,15.00,5.50,3.27,2021-02-08,5.00,Sem AR,18.75,6.50,3.76,2021-02-10,5.29,Sem AR,2021-02-15,6.00,Sem AR,26.50,8.00,4.15,2021-02-22,7.00,Sem AR,27.75,8.50,4.30,2021-02-25,7.43,Sem AR,,,,2021-03-04,8.43,Sem AR,,,,2021-03-11,9.43,Sem AR,,,,2021-03-11,9.43,Sem AR,2021-03-20,2021-03-27,11.71,Sem AR,,,,
1,T0,Temoin,plant 5,Stage L3 AGRI,2021,Perimetre maraicher Torgokaha,2020-12-01,2021-01-04,4.86,Sem AS,2021-01-11,1.00,Sem AR,2021-01-25,3.00,Sem AR,13.25,6.50,3.27,2021-02-08,5.00,Sem AR,21.50,8.50,5.15,2021-02-10,5.29,Sem AR,2021-02-15,6.00,Sem AR,27.00,9.00,5.25,2021-02-22,7.00,Sem AR,33.00,10.00,5.55,2021-02-25,7.43,Sem AR,,,,2021-03-04,8.43,Sem AR,,,,2021-03-11,9.43,Sem AR,,,,2021-03-11,9.43,Sem AR,2021-03-20,2021-03-27,11.71,Sem AR,,,,
1,T0,Temoin,plant 7,Stage L3 AGRI,2021,Perimetre maraicher Torgokaha,2020-12-01,2021-01-04,4.86,Sem AS,2021-01-11,1.00,Sem AR,2021-01-25,3.00,Sem AR,11.75,5.50,2.95,2021-02-08,5.00,Sem AR,13.75,4.00,3.37,2021-02-10,5.29,Sem AR,2021-02-15,6.00,Sem AR,14.75,4.50,3.75,2021-02-22,7.00,Sem AR,18.75,7.00,4.10,2021-02-25,7.43,Sem AR,,,,2021-03-04,8.43,Sem AR,,,,2021-03-11,9.43,Sem AR,,,,2021-03-11,9.43,Sem AR,2021-03-20,2021-03-27,11.71,Sem AR,,,,
1,T1,Fumier porcs,plant 1,Stage L3 AGRI,2021,Perimetre maraicher Torgokaha,2020-12-01,2021-01-04,4.86,Sem AS,2021-01-11,1.00,Sem AR,2021-01-25,3.00,Sem AR,19.00,9.00,3.97,2021-02-08,5.00,Sem AR,35.00,12.50,6.60,2021-02-10,5.29,Sem AR,2021-02-15,6.00,Sem AR,38.50,13.00,7.00,2021-02-22,7.00,Sem AR,44.00,14.50,7.12,2021-02-25,7.43,Sem AR,8,74.50,13.50,2021-03-04,8.43,Sem AR,6,77.33,24.00,2021-03-11,9.43,Sem AR,5,60.80,40.80,2021-03-11,9.43,Sem AR,2021-03-20,2021-03-27,11.71,Sem AR,6.40,902.40,902.40,0.90
1,T1,Fumier porcs,plant 3,Stage L3 AGRI,2021,Perimetre maraicher Torgokaha,2020-12-01,2021-01-04,4.86,Sem AS,2021-01-11,1.00,Sem AR,2021-01-25,3.00,Sem AR,13.50,7.00,4.44,2021-02-08,5.00,Sem AR,27.00,11.00,5.50,2021-02-10,5.29,Sem AR,2021-02-15,6.00,Sem AR,28.00,12.00,5.50,2021-02-22,7.00,Sem AR,35.75,12.50,6.00,2021-02-25,7.43,Sem AR,,,,2021-03-04,8.43,Sem AR,,,,2021-03-11,9.43,Sem AR,,,,2021-03-11,9.43,Sem AR,2021-03-20,2021-03-27,11.71,Sem AR,,,,
1,T1,Fumier porcs,plant 5,Stage L3 AGRI,2021,Perimetre maraicher Torgokaha,2020-12-01,2021-01-04,4.86,Sem AS,2021-01-11,1.00,Sem AR,2021-01-25,3.00,Sem AR,16.50,9.00,4.46,2021-02-08,5.00,Sem AR,32.25,14.00,5.50,2021-02-10,5.29,Sem AR,2021-02-15,6.00,Sem AR,40.00,19.00,6.00,2021-02-22,7.00,Sem AR,43.00,18.00,6.48,2021-02-25,7.43,Sem AR,,,,2021-03-04,8.43,Sem AR,,,,2021-03-11,9.43,Sem AR,,,,2021-03-11,9.43,Sem AR,2021-03-20,2021-03-27,11.71,Sem AR,,,,
1,T1,Fumier porcs,plant 7,Stage L3 AGRI,2021,Perimetre maraicher Torgokaha,2020-12-01,2021-01-04,4.86,Sem AS,2021-01-11,1.00,Sem AR,2021-01-25,3.00,Sem AR,15.50,8.50,4.08,2021-02-08,5.00,Sem AR,30.50,10.00,5.75,2021-02-10,5.29,Sem AR,2021-02-15,6.00,Sem AR,35.25,15.00,6.60,2021-02-22,7.00,Sem AR,41.75,13.00,6.76,2021-02-25,7.43,Sem AR,,,,2021-03-04,8.43,Sem AR,,,,2021-03-11,9.43,Sem AR,,,,2021-03-11,9.43,Sem AR,2021-03-20,2021-03-27,11.71,Sem AR,,,,
1,T2,Fumier poulets,plant 1,Stage L3 AGRI,2021,Perimetre maraicher Torgokaha,2020-12-01,2021-01-04,4.86,Sem AS,2021-01-11,1.00,Sem AR,2021-01-25,3.00,Sem AR,13.00,6.50,3.66,2021-02-08,5.00,Sem AR,26.50,10.00,5.38,2021-02-10,5.29,Sem AR,2021-02-15,6.00,Sem AR,32.25,11.50,6.10,2021-02-22,7.00,Sem AR,35.25,12.00,6.10,2021-02-25,7.43,Sem AR,7,76.00,6.86,2021-03-04,8.43,Sem AR,7,70.29,12.57,2021-03-11,9.43,Sem AR,6,75.33,24.67,2021-03-11,9.43,Sem AR,2021-03-20,2021-03-27,11.71,Sem AR,6.00,1694.67,1694.67,1.69
1,T2,Fumier poulets,plant 3,Stage L3 AGRI,2021,Perimetre maraicher Torgokaha,2020-12-01,2021-01-04,4.86,Sem AS,2021-01-11,1.00,Sem AR,2021-01-25,3.00,Sem AR,11.50,6.50,3.00,2021-02-08,5.00,Sem AR,20.25,8.50,4.85,2021-02-10,5.29,Sem AR,2021-02-15,6.00,Sem AR,26.00,12.00,6.00,2021-02-22,7.00,Sem AR,39.25,19.50,7.50,2021-02-25,7.43,Sem AR,,,,2021-03-04,8.43,Sem AR,,,,2021-03-11,9.43,Sem AR,,,,2021-03-11,9.43,Sem AR,2021-03-20,2021-03-27,11.71,Sem AR,,,,
1,T2,Fumier poulets,plant 5,Stage L3 AGRI,2021,Perimetre maraicher Torgokaha,2020-12-01,2021-01-04,4.86,Sem AS,2021-01-11,1.00,Sem AR,2021-01-25,3.00,Sem AR,10.50,6.00,3.00,2021-02-08,5.00,Sem AR,17.50,7.00,3.76,2021-02-10,5.29,Sem AR,2021-02-15,6.00,Sem AR,18.00,7.00,4.00,2021-02-22,7.00,Sem AR,18.00,6.00,4.00,2021-02-25,7.43,Sem AR,,,,2021-03-04,8.43,Sem AR,,,,2021-03-11,9.43,Sem AR,,,,2021-03-11,9.43,Sem AR,2021-03-20,2021-03-27,11.71,Sem AR,,,,
1,T2,Fumier poulets,plant 7,Stage L3 AGRI,2021,Perimetre maraicher Torgokaha,2020-12-01,2021-01-04,4.86,Sem AS,2021-01-11,1.00,Sem AR,2021-01-25,3.00,Sem AR,14.75,6.00,3.50,2021-02-08,5.00,Sem AR,23.25,7.50,5.60,2021-02-10,5.29,Sem AR,2021-02-15,6.00,Sem AR,26.50,9.50,6.12,2021-02-22,7.00,Sem AR,32.75,11.50,6.50,2021-02-25,7.43,Sem AR,,,,2021-03-04,8.43,Sem AR,,,,2021-03-11,9.43,Sem AR,,,,2021-03-11,9.43,Sem AR,2021-03-20,2021-03-27,11.71,Sem AR,,,,
1,T3,Engrais mineral,plant 1,Stage L3 AGRI,2021,Perimetre maraicher Torgokaha,2020-12-01,2021-01-04,4.86,Sem AS,2021-01-11,1.00,Sem AR,2021-01-25,3.00,Sem AR,19.25,7.50,4.25,2021-02-08,5.00,Sem AR,23.75,9.50,4.96,2021-02-10,5.29,Sem AR,2021-02-15,6.00,Sem AR,27.00,6.50,5.50,2021-02-22,7.00,Sem AR,40.00,13.00,8.10,2021-02-25,7.43,Sem AR,5,52.80,10.40,2021-03-04,8.43,Sem AR,3,58.67,21.33,2021-03-11,9.43,Sem AR,3,36.00,28.00,2021-03-11,9.43,Sem AR,2021-03-20,2021-03-27,11.71,Sem AR,6.67,732.00,732.00,0.73
1,T3,Engrais mineral,plant 3,Stage L3 AGRI,2021,Perimetre maraicher Torgokaha,2020-12-01,2021-01-04,4.86,Sem AS,2021-01-11,1.00,Sem AR,2021-01-25,3.00,Sem AR,20.75,7.50,4.65,2021-02-08,5.00,Sem AR,40.00,14.00,6.50,2021-02-10,5.29,Sem AR,2021-02-15,6.00,Sem AR,43.00,14.50,7.75,2021-02-22,7.00,Sem AR,47.50,14.00,7.68,2021-02-25,7.43,Sem AR,,,,2021-03-04,8.43,Sem AR,,,,2021-03-11,9.43,Sem AR,,,,2021-03-11,9.43,Sem AR,2021-03-20,2021-03-27,11.71,Sem AR,,,,
1,T3,Engrais mineral,plant 5,Stage L3 AGRI,2021,Perimetre maraicher Torgokaha,2020-12-01,2021-01-04,4.86,Sem AS,2021-01-11,1.00,Sem AR,2021-01-25,3.00,Sem AR,20.50,9.00,4.72,2021-02-08,5.00,Sem AR,33.50,12.00,6.28,2021-02-10,5.29,Sem AR,2021-02-15,6.00,Sem AR,35.50,11.00,8.00,2021-02-22,7.00,Sem AR,39.00,7.00,8.28,2021-02-25,7.43,Sem AR,,,,2021-03-04,8.43,Sem AR,,,,2021-03-11,9.43,Sem AR,,,,2021-03-11,9.43,Sem AR,2021-03-20,2021-03-27,11.71,Sem AR,,,,
1,T3,Engrais mineral,plant 7,Stage L3 AGRI,2021,Perimetre maraicher Torgokaha,2020-12-01,2021-01-04,4.86,Sem AS,2021-01-11,1.00,Sem AR,2021-01-25,3.00,Sem AR,21.75,8.00,5.26,2021-02-08,5.00,Sem AR,32.50,11.00,7.25,2021-02-10,5.29,Sem AR,2021-02-15,6.00,Sem AR,39.50,9.00,8.50,2021-02-22,7.00,Sem AR,52.00,17.00,10.00,2021-02-25,7.43,Sem AR,,,,2021-03-04,8.43,Sem AR,,,,2021-03-11,9.43,Sem AR,,,,2021-03-11,9.43,Sem AR,2021-03-20,2021-03-27,11.71,Sem AR,,,,
1,T4,"50% FPorcs,50% Eng. Min.",plant 1,Stage L3 AGRI,2021,Perimetre maraicher Torgokaha,2020-12-01,2021-01-04,4.86,Sem AS,2021-01-11,1.00,Sem AR,2021-01-25,3.00,Sem AR,12.00,6.50,3.38,2021-02-08,5.00,Sem AR,28.00,10.50,4.95,2021-02-10,5.29,Sem AR,2021-02-15,6.00,Sem AR,33.50,9.50,6.00,2021-02-22,7.00,Sem AR,29.00,7.00,5.20,2021-02-25,7.43,Sem AR,7,64.57,8.57,2021-03-04,8.43,Sem AR,4,72.00,23.00,2021-03-11,9.43,Sem AR,4,55.00,28.00,2021-03-11,9.43,Sem AR,2021-03-20,2021-03-27,11.71,Sem AR,7.00,911.00,911.00,0.91
1,T4,"50% FPorcs,50% Eng. Min.",plant 3,Stage L3 AGRI,2021,Perimetre maraicher Torgokaha,2020-12-01,2021-01-04,4.86,Sem AS,2021-01-11,1.00,Sem AR,2021-01-25,3.00,Sem AR,36.00,12.00,6.60,2021-02-08,5.00,Sem AR,43.00,10.00,8.00,2021-02-10,5.29,Sem AR,2021-02-15,6.00,Sem AR,44.00,8.00,10.40,2021-02-22,7.00,Sem AR,44.00,13.00,8.00,2021-02-25,7.43,Sem AR,,,,2021-03-04,8.43,Sem AR,,,,2021-03-11,9.43,Sem AR,,,,2021-03-11,9.43,Sem AR,2021-03-20,2021-03-27,11.71,Sem AR,,,,
1,T4,"50% FPorcs,50% Eng. Min.",plant 5,Stage L3 AGRI,2021,Perimetre maraicher Torgokaha,2020-12-01,2021-01-04,4.86,Sem AS,2021-01-11,1.00,Sem AR,2021-01-25,3.00,Sem AR,23.00,7.50,4.50,2021-02-08,5.00,Sem AR,35.25,9.00,6.40,2021-02-10,5.29,Sem AR,2021-02-15,6.00,Sem AR,39.75,10.00,7.64,2021-02-22,7.00,Sem AR,41.50,9.00,8.12,2021-02-25,7.43,Sem AR,,,,2021-03-04,8.43,Sem AR,,,,2021-03-11,9.43,Sem AR,,,,2021-03-11,9.43,Sem AR,2021-03-20,2021-03-27,11.71,Sem AR,,,,
1,T4,"50% FPorcs,50% Eng. Min.",plant 7,Stage L3 AGRI,2021,Perimetre maraicher Torgokaha,2020-12-01,2021-01-04,4.86,Sem AS,2021-01-11,1.00,Sem AR,2021-01-25,3.00,Sem AR,28.50,10.00,5.50,2021-02-08,5.00,Sem AR,40.00,12.00,6.83,2021-02-10,5.29,Sem AR,2021-02-15,6.00,Sem AR,42.50,13.00,7.50,2021-02-22,7.00,Sem AR,52.75,15.00,8.65,2021-02-25,7.43,Sem AR,,,,2021-03-04,8.43,Sem AR,,,,2021-03-11,9.43,Sem AR,,,,2021-03-11,9.43,Sem AR,2021-03-20,2021-03-27,11.71,Sem AR,,,,
1,T5,"50% FPoulets,50% Eng. Min.",plant 1,Stage L3 AGRI,2021,Perimetre maraicher Torgokaha,2020-12-01,2021-01-04,4.86,Sem AS,2021-01-11,1.00,Sem AR,2021-01-25,3.00,Sem AR,12.50,5.50,2.98,2021-02-08,5.00,Sem AR,23.25,9.00,4.81,2021-02-10,5.29,Sem AR,2021-02-15,6.00,Sem AR,31.00,10.50,6.50,2021-02-22,7.00,Sem AR,34.25,10.50,7.10,2021-02-25,7.43,Sem AR,7,69.71,8.57,2021-03-04,8.43,Sem AR,5,83.20,18.40,2021-03-11,9.43,Sem AR,5,64.00,20.80,2021-03-11,9.43,Sem AR,2021-03-20,2021-03-27,11.71,Sem AR,5.60,1089.60,1089.60,1.09
1,T5,"50% FPoulets,50% Eng. Min.",plant 3,Stage L3 AGRI,2021,Perimetre maraicher Torgokaha,2020-12-01,2021-01-04,4.86,Sem AS,2021-01-11,1.00,Sem AR,2021-01-25,3.00,Sem AR,13.50,6.00,3.44,2021-02-08,5.00,Sem AR,28.50,11.00,5.00,2021-02-10,5.29,Sem AR,2021-02-15,6.00,Sem AR,35.50,15.00,6.00,2021-02-22,7.00,Sem AR,41.00,11.00,6.28,2021-02-25,7.43,Sem AR,,,,2021-03-04,8.43,Sem AR,,,,2021-03-11,9.43,Sem AR,,,,2021-03-11,9.43,Sem AR,2021-03-20,2021-03-27,11.71,Sem AR,,,,
1,T5,"50% FPoulets,50% Eng. Min.",plant 5,Stage L3 AGRI,2021,Perimetre maraicher Torgokaha,2020-12-01,2021-01-04,4.86,Sem AS,2021-01-11,1.00,Sem AR,2021-01-25,3.00,Sem AR,19.25,10.00,4.24,2021-02-08,5.00,Sem AR,22.75,8.50,5.64,2021-02-10,5.29,Sem AR,2021-02-15,6.00,Sem AR,28.25,8.00,6.14,2021-02-22,7.00,Sem AR,30.25,12.00,6.15,2021-02-25,7.43,Sem AR,,,,2021-03-04,8.43,Sem AR,,,,2021-03-11,9.43,Sem AR,,,,2021-03-11,9.43,Sem AR,2021-03-20,2021-03-27,11.71,Sem AR,,,,
1,T5,"50% FPoulets,50% Eng. Min.",plant 7,Stage L3 AGRI,2021,Perimetre maraicher Torgokaha,2020-12-01,2021-01-04,4.86,Sem AS,2021-01-11,1.00,Sem AR,2021-01-25,3.00,Sem AR,18.00,7.50,4.50,2021-02-08,5.00,Sem AR,35.25,12.00,6.82,2021-02-10,5.29,Sem AR,2021-02-15,6.00,Sem AR,41.00,14.50,8.00,2021-02-22,7.00,Sem AR,44.25,14.50,8.25,2021-02-25,7.43,Sem AR,,,,2021-03-04,8.43,Sem AR,,,,2021-03-11,9.43,Sem AR,,,,2021-03-11,9.43,Sem AR,2021-03-20,2021-03-27,11.71,Sem AR,,,,
2,T0,Temoin,plant 1,Stage L3 AGRI,2021,Perimetre maraicher Torgokaha,2020-12-01,2021-01-04,4.86,Sem AS,2021-01-11,1.00,Sem AR,2021-01-25,3.00,Sem AR,25.50,9.00,4.75,2021-02-08,5.00,Sem AR,31.00,10.50,5.10,2021-02-10,5.29,Sem AR,2021-02-15,6.00,Sem AR,33.30,9.00,5.60,2021-02-22,7.00,Sem AR,38.00,8.00,6.00,2021-02-25,7.43,Sem AR,8,55.50,3.50,2021-03-04,8.43,Sem AR,5,56.00,11.20,2021-03-11,9.43,Sem AR,5,45.60,16.80,2021-03-11,9.43,Sem AR,2021-03-20,2021-03-27,11.71,Sem AR,4.00,628.00,628.00,0.63
2,T0,Temoin,plant 3,Stage L3 AGRI,2021,Perimetre maraicher Torgokaha,2020-12-01,2021-01-04,4.86,Sem AS,2021-01-11,1.00,Sem AR,2021-01-25,3.00,Sem AR,22.75,9.50,6.00,2021-02-08,5.00,Sem AR,38.25,12.00,6.83,2021-02-10,5.29,Sem AR,2021-02-15,6.00,Sem AR,36.50,13.00,6.85,2021-02-22,7.00,Sem AR,48.50,19.00,8.40,2021-02-25,7.43,Sem AR,,,,2021-03-04,8.43,Sem AR,,,,2021-03-11,9.43,Sem AR,,,,2021-03-11,9.43,Sem AR,2021-03-20,2021-03-27,11.71,Sem AR,,,,
2,T0,Temoin,plant 5,Stage L3 AGRI,2021,Perimetre maraicher Torgokaha,2020-12-01,2021-01-04,4.86,Sem AS,2021-01-11,1.00,Sem AR,2021-01-25,3.00,Sem AR,18.50,9.00,5.65,2021-02-08,5.00,Sem AR,34.00,14.00,6.58,2021-02-10,5.29,Sem AR,2021-02-15,6.00,Sem AR,34.20,10.00,7.15,2021-02-22,7.00,Sem AR,38.00,12.00,5.10,2021-02-25,7.43,Sem AR,,,,2021-03-04,8.43,Sem AR,,,,2021-03-11,9.43,Sem AR,,,,2021-03-11,9.43,Sem AR,2021-03-20,2021-03-27,11.71,Sem AR,,,,
2,T0,Temoin,plant 7,Stage L3 AGRI,2021,Perimetre maraicher Torgokaha,2020-12-01,2021-01-04,4.86,Sem AS,2021-01-11,1.00,Sem AR,2021-01-25,3.00,Sem AR,12.00,6.00,3.30,2021-02-08,5.00,Sem AR,17.50,7.50,3.93,2021-02-10,5.29,Sem AR,2021-02-15,6.00,Sem AR,22.50,8.00,4.50,2021-02-22,7.00,Sem AR,19.00,7.00,4.32,2021-02-25,7.43,Sem AR,,,,2021-03-04,8.43,Sem AR,,,,2021-03-11,9.43,Sem AR,,,,2021-03-11,9.43,Sem AR,2021-03-20,2021-03-27,11.71,Sem AR,,,,
2,T1,Fumier porcs,plant 1,Stage L3 AGRI,2021,Perimetre maraicher Torgokaha,2020-12-01,2021-01-04,4.86,Sem AS,2021-01-11,1.00,Sem AR,2021-01-25,3.00,Sem AR,35.75,11.50,7.00,2021-02-08,5.00,Sem AR,45.00,11.00,8.75,2021-02-10,5.29,Sem AR,2021-02-15,6.00,Sem AR,49.50,9.50,9.00,2021-02-22,7.00,Sem AR,50.50,9.00,9.00,2021-02-25,7.43,Sem AR,6,54.67,7.33,2021-03-04,8.43,Sem AR,4,67.00,17.00,2021-03-11,9.43,Sem AR,4,48.00,26.00,2021-03-11,9.43,Sem AR,2021-03-20,2021-03-27,11.71,Sem AR,4.00,580.00,580.00,0.58
2,T1,Fumier porcs,plant 3,Stage L3 AGRI,2021,Perimetre maraicher Torgokaha,2020-12-01,2021-01-04,4.86,Sem AS,2021-01-11,1.00,Sem AR,2021-01-25,3.00,Sem AR,19.75,8.00,6.80,2021-02-08,5.00,Sem AR,33.50,10.50,8.33,2021-02-10,5.29,Sem AR,2021-02-15,6.00,Sem AR,37.00,10.50,8.58,2021-02-22,7.00,Sem AR,31.00,7.00,9.16,2021-02-25,7.43,Sem AR,,,,2021-03-04,8.43,Sem AR,,,,2021-03-11,9.43,Sem AR,,,,2021-03-11,9.43,Sem AR,2021-03-20,2021-03-27,11.71,Sem AR,,,,
2,T1,Fumier porcs,plant 5,Stage L3 AGRI,2021,Perimetre maraicher Torgokaha,2020-12-01,2021-01-04,4.86,Sem AS,2021-01-11,1.00,Sem AR,2021-01-25,3.00,Sem AR,13.75,6.50,4.06,2021-02-08,5.00,Sem AR,23.25,9.00,5.36,2021-02-10,5.29,Sem AR,2021-02-15,6.00,Sem AR,28.75,9.00,5.15,2021-02-22,7.00,Sem AR,40.50,12.00,6.00,2021-02-25,7.43,Sem AR,,,,2021-03-04,8.43,Sem AR,,,,2021-03-11,9.43,Sem AR,,,,2021-03-11,9.43,Sem AR,2021-03-20,2021-03-27,11.71,Sem AR,,,,
2,T1,Fumier porcs,plant 7,Stage L3 AGRI,2021,Perimetre maraicher Torgokaha,2020-12-01,2021-01-04,4.86,Sem AS,2021-01-11,1.00,Sem AR,2021-01-25,3.00,Sem AR,18.25,7.00,5.05,2021-02-08,5.00,Sem AR,30.00,8.00,6.00,2021-02-10,5.29,Sem AR,2021-02-15,6.00,Sem AR,32.00,9.00,6.00,2021-02-22,7.00,Sem AR,38.50,12.00,6.28,2021-02-25,7.43,Sem AR,,,,2021-03-04,8.43,Sem AR,,,,2021-03-11,9.43,Sem AR,,,,2021-03-11,9.43,Sem AR,2021-03-20,2021-03-27,11.71,Sem AR,,,,
2,T2,Fumier poulets,plant 1,Stage L3 AGRI,2021,Perimetre maraicher Torgokaha,2020-12-01,2021-01-04,4.86,Sem AS,2021-01-11,1.00,Sem AR,2021-01-25,3.00,Sem AR,16.25,8.00,4.00,2021-02-08,5.00,Sem AR,28.50,10.50,6.14,2021-02-10,5.29,Sem AR,2021-02-15,6.00,Sem AR,35.00,13.00,7.05,2021-02-22,7.00,Sem AR,36.00,10.50,7.05,2021-02-25,7.43,Sem AR,8,62.00,5.00,2021-03-04,8.43,Sem AR,6,60.00,11.33,2021-03-11,9.43,Sem AR,6,74.00,21.33,2021-03-11,9.43,Sem AR,2021-03-20,2021-03-27,11.71,Sem AR,4.67,844.67,844.67,0.84
2,T2,Fumier poulets,plant 3,Stage L3 AGRI,2021,Perimetre maraicher Torgokaha,2020-12-01,2021-01-04,4.86,Sem AS,2021-01-11,1.00,Sem AR,2021-01-25,3.00,Sem AR,30.50,10.00,6.00,2021-02-08,5.00,Sem AR,43.25,11.00,7.20,2021-02-10,5.29,Sem AR,2021-02-15,6.00,Sem AR,45.25,10.00,8.00,2021-02-22,7.00,Sem AR,45.75,10.00,8.15,2021-02-25,7.43,Sem AR,,,,2021-03-04,8.43,Sem AR,,,,2021-03-11,9.43,Sem AR,,,,2021-03-11,9.43,Sem AR,2021-03-20,2021-03-27,11.71,Sem AR,,,,
2,T2,Fumier poulets,plant 5,Stage L3 AGRI,2021,Perimetre maraicher Torgokaha,2020-12-01,2021-01-04,4.86,Sem AS,2021-01-11,1.00,Sem AR,2021-01-25,3.00,Sem AR,22.00,9.00,4.52,2021-02-08,5.00,Sem AR,31.00,9.00,5.76,2021-02-10,5.29,Sem AR,2021-02-15,6.00,Sem AR,40.00,11.00,7.00,2021-02-22,7.00,Sem AR,44.50,11.00,7.28,2021-02-25,7.43,Sem AR,,,,2021-03-04,8.43,Sem AR,,,,2021-03-11,9.43,Sem AR,,,,2021-03-11,9.43,Sem AR,2021-03-20,2021-03-27,11.71,Sem AR,,,,
2,T2,Fumier poulets,plant 7,Stage L3 AGRI,2021,Perimetre maraicher Torgokaha,2020-12-01,2021-01-04,4.86,Sem AS,2021-01-11,1.00,Sem AR,2021-01-25,3.00,Sem AR,24.75,9.50,4.85,2021-02-08,5.00,Sem AR,39.25,11.00,5.99,2021-02-10,5.29,Sem AR,2021-02-15,6.00,Sem AR,46.25,11.50,7.58,2021-02-22,7.00,Sem AR,48.00,12.00,7.58,2021-02-25,7.43,Sem AR,,,,2021-03-04,8.43,Sem AR,,,,2021-03-11,9.43,Sem AR,,,,2021-03-11,9.43,Sem AR,2021-03-20,2021-03-27,11.71,Sem AR,,,,
2,T3,Engrais mineral,plant 1,Stage L3 AGRI,2021,Perimetre maraicher Torgokaha,2020-12-01,2021-01-04,4.86,Sem AS,2021-01-11,1.00,Sem AR,2021-01-25,3.00,Sem AR,20.25,7.50,4.60,2021-02-08,5.00,Sem AR,21.50,5.50,5.14,2021-02-10,5.29,Sem AR,2021-02-15,6.00,Sem AR,24.00,8.00,5.56,2021-02-22,7.00,Sem AR,33.50,14.50,6.65,2021-02-25,7.43,Sem AR,7,41.14,4.00,2021-03-04,8.43,Sem AR,5,45.60,14.40,2021-03-11,9.43,Sem AR,5,72.00,17.60,2021-03-11,9.43,Sem AR,2021-03-20,2021-03-27,11.71,Sem AR,1.60,256.80,256.80,0.26
2,T3,Engrais mineral,plant 3,Stage L3 AGRI,2021,Perimetre maraicher Torgokaha,2020-12-01,2021-01-04,4.86,Sem AS,2021-01-11,1.00,Sem AR,2021-01-25,3.00,Sem AR,25.00,9.00,5.35,2021-02-08,5.00,Sem AR,32.25,9.00,7.13,2021-02-10,5.29,Sem AR,2021-02-15,6.00,Sem AR,25.25,7.00,8.33,2021-02-22,7.00,Sem AR,37.00,13.00,7.66,2021-02-25,7.43,Sem AR,,,,2021-03-04,8.43,Sem AR,,,,2021-03-11,9.43,Sem AR,,,,2021-03-11,9.43,Sem AR,2021-03-20,2021-03-27,11.71,Sem AR,,,,
2,T3,Engrais mineral,plant 5,Stage L3 AGRI,2021,Perimetre maraicher Torgokaha,2020-12-01,2021-01-04,4.86,Sem AS,2021-01-11,1.00,Sem AR,2021-01-25,3.00,Sem AR,25.00,8.00,5.30,2021-02-08,5.00,Sem AR,27.00,6.00,6.00,2021-02-10,5.29,Sem AR,2021-02-15,6.00,Sem AR,29.00,6.00,6.00,2021-02-22,7.00,Sem AR,30.00,9.00,6.18,2021-02-25,7.43,Sem AR,,,,2021-03-04,8.43,Sem AR,,,,2021-03-11,9.43,Sem AR,,,,2021-03-11,9.43,Sem AR,2021-03-20,2021-03-27,11.71,Sem AR,,,,
2,T3,Engrais mineral,plant 7,Stage L3 AGRI,2021,Perimetre maraicher Torgokaha,2020-12-01,2021-01-04,4.86,Sem AS,2021-01-11,1.00,Sem AR,2021-01-25,3.00,Sem AR,25.75,8.50,4.50,2021-02-08,5.00,Sem AR,44.00,12.00,6.00,2021-02-10,5.29,Sem AR,2021-02-15,6.00,Sem AR,44.50,11.00,6.00,2021-02-22,7.00,Sem AR,51.50,14.00,7.00,2021-02-25,7.43,Sem AR,,,,2021-03-04,8.43,Sem AR,,,,2021-03-11,9.43,Sem AR,,,,2021-03-11,9.43,Sem AR,2021-03-20,2021-03-27,11.71,Sem AR,,,,
2,T4,"50% FPorcs,50% Eng. Min.",plant 1,Stage L3 AGRI,2021,Perimetre maraicher Torgokaha,2020-12-01,2021-01-04,4.86,Sem AS,2021-01-11,1.00,Sem AR,2021-01-25,3.00,Sem AR,22.00,10.00,5.46,2021-02-08,5.00,Sem AR,36.50,11.50,7.50,2021-02-10,5.29,Sem AR,2021-02-15,6.00,Sem AR,44.75,12.50,7.85,2021-02-22,7.00,Sem AR,48.00,14.00,8.14,2021-02-25,7.43,Sem AR,8,89.00,18.50,2021-03-04,8.43,Sem AR,8,83.50,24.00,2021-03-11,9.43,Sem AR,8,69.50,27.00,2021-03-11,9.43,Sem AR,2021-03-20,2021-03-27,11.71,Sem AR,7.00,1218.00,1218.00,1.22
2,T4,"50% FPorcs,50% Eng. Min.",plant 3,Stage L3 AGRI,2021,Perimetre maraicher Torgokaha,2020-12-01,2021-01-04,4.86,Sem AS,2021-01-11,1.00,Sem AR,2021-01-25,3.00,Sem AR,25.25,9.00,5.94,2021-02-08,5.00,Sem AR,46.00,12.50,8.00,2021-02-10,5.29,Sem AR,2021-02-15,6.00,Sem AR,47.00,15.50,8.30,2021-02-22,7.00,Sem AR,49.25,16.00,8.62,2021-02-25,7.43,Sem AR,,,,2021-03-04,8.43,Sem AR,,,,2021-03-11,9.43,Sem AR,,,,2021-03-11,9.43,Sem AR,2021-03-20,2021-03-27,11.71,Sem AR,,,,
2,T4,"50% FPorcs,50% Eng. Min.",plant 5,Stage L3 AGRI,2021,Perimetre maraicher Torgokaha,2020-12-01,2021-01-04,4.86,Sem AS,2021-01-11,1.00,Sem AR,2021-01-25,3.00,Sem AR,17.50,8.50,5.00,2021-02-08,5.00,Sem AR,32.50,11.00,6.13,2021-02-10,5.29,Sem AR,2021-02-15,6.00,Sem AR,36.75,12.50,6.80,2021-02-22,7.00,Sem AR,43.25,14.00,8.00,2021-02-25,7.43,Sem AR,,,,2021-03-04,8.43,Sem AR,,,,2021-03-11,9.43,Sem AR,,,,2021-03-11,9.43,Sem AR,2021-03-20,2021-03-27,11.71,Sem AR,,,,
2,T4,"50% FPorcs,50% Eng. Min.",plant 7,Stage L3 AGRI,2021,Perimetre maraicher Torgokaha,2020-12-01,2021-01-04,4.86,Sem AS,2021-01-11,1.00,Sem AR,2021-01-25,3.00,Sem AR,17.50,7.50,3.96,2021-02-08,5.00,Sem AR,36.75,13.00,5.80,2021-02-10,5.29,Sem AR,2021-02-15,6.00,Sem AR,41.50,14.50,5.90,2021-02-22,7.00,Sem AR,46.00,14.50,6.75,2021-02-25,7.43,Sem AR,,,,2021-03-04,8.43,Sem AR,,,,2021-03-11,9.43,Sem AR,,,,2021-03-11,9.43,Sem AR,2021-03-20,2021-03-27,11.71,Sem AR,,,,
2,T5,"50% FPoulets,50% Eng. Min.",plant 1,Stage L3 AGRI,2021,Perimetre maraicher Torgokaha,2020-12-01,2021-01-04,4.86,Sem AS,2021-01-11,1.00,Sem AR,2021-01-25,3.00,Sem AR,32.50,10.50,7.78,2021-02-08,5.00,Sem AR,48.25,13.00,8.31,2021-02-10,5.29,Sem AR,2021-02-15,6.00,Sem AR,51.00,14.00,8.98,2021-02-22,7.00,Sem AR,55.25,15.00,9.13,2021-02-25,7.43,Sem AR,7,81.71,13.71,2021-03-04,8.43,Sem AR,7,72.57,22.86,2021-03-11,9.43,Sem AR,7,60.00,26.86,2021-03-11,9.43,Sem AR,2021-03-20,2021-03-27,11.71,Sem AR,6.29,1573.71,1573.71,1.57
2,T5,"50% FPoulets,50% Eng. Min.",plant 3,Stage L3 AGRI,2021,Perimetre maraicher Torgokaha,2020-12-01,2021-01-04,4.86,Sem AS,2021-01-11,1.00,Sem AR,2021-01-25,3.00,Sem AR,16.00,6.00,3.14,2021-02-08,5.00,Sem AR,18.00,9.00,4.20,2021-02-10,5.29,Sem AR,2021-02-15,6.00,Sem AR,22.50,9.00,5.00,2021-02-22,7.00,Sem AR,25.50,8.00,5.00,2021-02-25,7.43,Sem AR,,,,2021-03-04,8.43,Sem AR,,,,2021-03-11,9.43,Sem AR,,,,2021-03-11,9.43,Sem AR,2021-03-20,2021-03-27,11.71,Sem AR,,,,
2,T5,"50% FPoulets,50% Eng. Min.",plant 5,Stage L3 AGRI,2021,Perimetre maraicher Torgokaha,2020-12-01,2021-01-04,4.86,Sem AS,2021-01-11,1.00,Sem AR,2021-01-25,3.00,Sem AR,31.50,9.00,7.94,2021-02-08,5.00,Sem AR,39.00,12.50,7.75,2021-02-10,5.29,Sem AR,2021-02-15,6.00,Sem AR,41.35,10.00,8.00,2021-02-22,7.00,Sem AR,48.75,14.00,8.51,2021-02-25,7.43,Sem AR,,,,2021-03-04,8.43,Sem AR,,,,2021-03-11,9.43,Sem AR,,,,2021-03-11,9.43,Sem AR,2021-03-20,2021-03-27,11.71,Sem AR,,,,
2,T5,"50% FPoulets,50% Eng. Min.",plant 7,Stage L3 AGRI,2021,Perimetre maraicher Torgokaha,2020-12-01,2021-01-04,4.86,Sem AS,2021-01-11,1.00,Sem AR,2021-01-25,3.00,Sem AR,24.00,8.00,4.70,2021-02-08,5.00,Sem AR,30.50,8.50,5.40,2021-02-10,5.29,Sem AR,2021-02-15,6.00,Sem AR,34.60,7.50,6.53,2021-02-22,7.00,Sem AR,41.75,13.00,7.50,2021-02-25,7.43,Sem AR,,,,2021-03-04,8.43,Sem AR,,,,2021-03-11,9.43,Sem AR,,,,2021-03-11,9.43,Sem AR,2021-03-20,2021-03-27,11.71,Sem AR,,,,
3,T0,Temoin,plant 1,Stage L3 AGRI,2021,Perimetre maraicher Torgokaha,2020-12-01,2021-01-04,4.86,Sem AS,2021-01-11,1.00,Sem AR,2021-01-25,3.00,Sem AR,11.50,6.50,3.50,2021-02-08,5.00,Sem AR,16.50,7.50,4.19,2021-02-10,5.29,Sem AR,2021-02-15,6.00,Sem AR,22.50,9.00,5.00,2021-02-22,7.00,Sem AR,33.75,11.50,5.50,2021-02-25,7.43,Sem AR,6,45.33,8.00,2021-03-04,8.43,Sem AR,5,49.60,14.40,2021-03-11,9.43,Sem AR,5,45.60,17.60,2021-03-11,9.43,Sem AR,2021-03-20,2021-03-27,11.71,Sem AR,7.20,1148.80,1148.80,1.15
3,T0,Temoin,plant 3,Stage L3 AGRI,2021,Perimetre maraicher Torgokaha,2020-12-01,2021-01-04,4.86,Sem AS,2021-01-11,1.00,Sem AR,2021-01-25,3.00,Sem AR,13.25,6.50,3.86,2021-02-08,5.00,Sem AR,21.50,7.50,4.00,2021-02-10,5.29,Sem AR,2021-02-15,6.00,Sem AR,28.00,10.00,4.15,2021-02-22,7.00,Sem AR,30.50,8.50,4.50,2021-02-25,7.43,Sem AR,,,,2021-03-04,8.43,Sem AR,,,,2021-03-11,9.43,Sem AR,,,,2021-03-11,9.43,Sem AR,2021-03-20,2021-03-27,11.71,Sem AR,,,,
3,T0,Temoin,plant 5,Stage L3 AGRI,2021,Perimetre maraicher Torgokaha,2020-12-01,2021-01-04,4.86,Sem AS,2021-01-11,1.00,Sem AR,2021-01-25,3.00,Sem AR,16.50,7.50,4.46,2021-02-08,5.00,Sem AR,33.50,13.00,6.00,2021-02-10,5.29,Sem AR,2021-02-15,6.00,Sem AR,40.50,15.00,7.00,2021-02-22,7.00,Sem AR,42.00,16.00,8.00,2021-02-25,7.43,Sem AR,,,,2021-03-04,8.43,Sem AR,,,,2021-03-11,9.43,Sem AR,,,,2021-03-11,9.43,Sem AR,2021-03-20,2021-03-27,11.71,Sem AR,,,,
3,T0,Temoin,plant 7,Stage L3 AGRI,2021,Perimetre maraicher Torgokaha,2020-12-01,2021-01-04,4.86,Sem AS,2021-01-11,1.00,Sem AR,2021-01-25,3.00,Sem AR,17.75,9.00,4.25,2021-02-08,5.00,Sem AR,28.50,11.00,5.35,2021-02-10,5.29,Sem AR,2021-02-15,6.00,Sem AR,29.75,10.50,5.50,2021-02-22,7.00,Sem AR,29.75,11.50,5.50,2021-02-25,7.43,Sem AR,,,,2021-03-04,8.43,Sem AR,,,,2021-03-11,9.43,Sem AR,,,,2021-03-11,9.43,Sem AR,2021-03-20,2021-03-27,11.71,Sem AR,,,,
3,T1,Fumier porcs,plant 1,Stage L3 AGRI,2021,Perimetre maraicher Torgokaha,2020-12-01,2021-01-04,4.86,Sem AS,2021-01-11,1.00,Sem AR,2021-01-25,3.00,Sem AR,20.50,9.50,5.50,2021-02-08,5.00,Sem AR,40.75,18.00,6.50,2021-02-10,5.29,Sem AR,2021-02-15,6.00,Sem AR,46.75,22.00,7.18,2021-02-22,7.00,Sem AR,48.20,22.00,7.25,2021-02-25,7.43,Sem AR,8,63.00,9.00,2021-03-04,8.43,Sem AR,7,54.86,13.71,2021-03-11,9.43,Sem AR,7,57.14,15.43,2021-03-11,9.43,Sem AR,2021-03-20,2021-03-27,11.71,Sem AR,5.71,972.57,972.57,0.97
3,T1,Fumier porcs,plant 3,Stage L3 AGRI,2021,Perimetre maraicher Torgokaha,2020-12-01,2021-01-04,4.86,Sem AS,2021-01-11,1.00,Sem AR,2021-01-25,3.00,Sem AR,15.75,7.00,3.93,2021-02-08,5.00,Sem AR,25.50,11.00,4.76,2021-02-10,5.29,Sem AR,2021-02-15,6.00,Sem AR,28.25,13.00,5.15,2021-02-22,7.00,Sem AR,32.75,14.50,5.69,2021-02-25,7.43,Sem AR,,,,2021-03-04,8.43,Sem AR,,,,2021-03-11,9.43,Sem AR,,,,2021-03-11,9.43,Sem AR,2021-03-20,2021-03-27,11.71,Sem AR,,,,
3,T1,Fumier porcs,plant 5,Stage L3 AGRI,2021,Perimetre maraicher Torgokaha,2020-12-01,2021-01-04,4.86,Sem AS,2021-01-11,1.00,Sem AR,2021-01-25,3.00,Sem AR,16.00,6.50,5.01,2021-02-08,5.00,Sem AR,25.00,9.50,5.45,2021-02-10,5.29,Sem AR,2021-02-15,6.00,Sem AR,32.00,12.00,6.50,2021-02-22,7.00,Sem AR,42.50,11.50,6.84,2021-02-25,7.43,Sem AR,,,,2021-03-04,8.43,Sem AR,,,,2021-03-11,9.43,Sem AR,,,,2021-03-11,9.43,Sem AR,2021-03-20,2021-03-27,11.71,Sem AR,,,,
3,T1,Fumier porcs,plant 7,Stage L3 AGRI,2021,Perimetre maraicher Torgokaha,2020-12-01,2021-01-04,4.86,Sem AS,2021-01-11,1.00,Sem AR,2021-01-25,3.00,Sem AR,14.75,7.00,4.50,2021-02-08,5.00,Sem AR,26.25,8.00,5.50,2021-02-10,5.29,Sem AR,2021-02-15,6.00,Sem AR,29.25,8.50,5.71,2021-02-22,7.00,Sem AR,34.50,9.50,6.00,2021-02-25,7.43,Sem AR,,,,2021-03-04,8.43,Sem AR,,,,2021-03-11,9.43,Sem AR,,,,2021-03-11,9.43,Sem AR,2021-03-20,2021-03-27,11.71,Sem AR,,,,
3,T2,Fumier poulets,plant 1,Stage L3 AGRI,2021,Perimetre maraicher Torgokaha,2020-12-01,2021-01-04,4.86,Sem AS,2021-01-11,1.00,Sem AR,2021-01-25,3.00,Sem AR,23.75,11.00,5.10,2021-02-08,5.00,Sem AR,30.00,10.00,5.00,2021-02-10,5.29,Sem AR,2021-02-15,6.00,Sem AR,34.50,12.00,5.00,2021-02-22,7.00,Sem AR,35.00,11.00,6.00,2021-02-25,7.43,Sem AR,5,44.80,7.20,2021-03-04,8.43,Sem AR,5,45.60,8.00,2021-03-11,9.43,Sem AR,5,36.80,11.20,2021-03-11,9.43,Sem AR,2021-03-20,2021-03-27,11.71,Sem AR,5.60,780.00,780.00,0.78
3,T2,Fumier poulets,plant 3,Stage L3 AGRI,2021,Perimetre maraicher Torgokaha,2020-12-01,2021-01-04,4.86,Sem AS,2021-01-11,1.00,Sem AR,2021-01-25,3.00,Sem AR,18.25,9.00,5.00,2021-02-08,5.00,Sem AR,31.00,9.00,5.50,2021-02-10,5.29,Sem AR,2021-02-15,6.00,Sem AR,34.25,10.50,6.00,2021-02-22,7.00,Sem AR,36.25,10.00,6.40,2021-02-25,7.43,Sem AR,,,,2021-03-04,8.43,Sem AR,,,,2021-03-11,9.43,Sem AR,,,,2021-03-11,9.43,Sem AR,2021-03-20,2021-03-27,11.71,Sem AR,,,,
3,T2,Fumier poulets,plant 5,Stage L3 AGRI,2021,Perimetre maraicher Torgokaha,2020-12-01,2021-01-04,4.86,Sem AS,2021-01-11,1.00,Sem AR,2021-01-25,3.00,Sem AR,13.50,6.00,4.25,2021-02-08,5.00,Sem AR,15.50,10.00,3.07,2021-02-10,5.29,Sem AR,2021-02-15,6.00,Sem AR,21.50,8.00,4.40,2021-02-22,7.00,Sem AR,33.50,11.00,5.00,2021-02-25,7.43,Sem AR,,,,2021-03-04,8.43,Sem AR,,,,2021-03-11,9.43,Sem AR,,,,2021-03-11,9.43,Sem AR,2021-03-20,2021-03-27,11.71,Sem AR,,,,
3,T2,Fumier poulets,plant 7,Stage L3 AGRI,2021,Perimetre maraicher Torgokaha,2020-12-01,2021-01-04,4.86,Sem AS,2021-01-11,1.00,Sem AR,2021-01-25,3.00,Sem AR,14.00,6.50,4.36,2021-02-08,5.00,Sem AR,14.00,6.00,4.50,2021-02-10,5.29,Sem AR,2021-02-15,6.00,Sem AR,16.50,5.50,4.50,2021-02-22,7.00,Sem AR,21.25,7.00,5.00,2021-02-25,7.43,Sem AR,,,,2021-03-04,8.43,Sem AR,,,,2021-03-11,9.43,Sem AR,,,,2021-03-11,9.43,Sem AR,2021-03-20,2021-03-27,11.71,Sem AR,,,,
3,T3,Engrais mineral,plant 1,Stage L3 AGRI,2021,Perimetre maraicher Torgokaha,2020-12-01,2021-01-04,4.86,Sem AS,2021-01-11,1.00,Sem AR,2021-01-25,3.00,Sem AR,14.00,7.00,3.70,2021-02-08,5.00,Sem AR,30.50,11.00,4.80,2021-02-10,5.29,Sem AR,2021-02-15,6.00,Sem AR,37.50,13.50,6.00,2021-02-22,7.00,Sem AR,38.00,8.50,6.25,2021-02-25,7.43,Sem AR,7,82.86,10.29,2021-03-04,8.43,Sem AR,5,89.60,23.20,2021-03-11,9.43,Sem AR,4,99.00,22.00,2021-03-11,9.43,Sem AR,2021-03-20,2021-03-27,11.71,Sem AR,5.00,1061.00,1061.00,1.06
3,T3,Engrais mineral,plant 3,Stage L3 AGRI,2021,Perimetre maraicher Torgokaha,2020-12-01,2021-01-04,4.86,Sem AS,2021-01-11,1.00,Sem AR,2021-01-25,3.00,Sem AR,20.00,12.50,5.60,2021-02-08,5.00,Sem AR,36.75,11.50,8.50,2021-02-10,5.29,Sem AR,2021-02-15,6.00,Sem AR,42.25,14.00,8.50,2021-02-22,7.00,Sem AR,45.75,14.50,8.50,2021-02-25,7.43,Sem AR,,,,2021-03-04,8.43,Sem AR,,,,2021-03-11,9.43,Sem AR,,,,2021-03-11,9.43,Sem AR,2021-03-20,2021-03-27,11.71,Sem AR,,,,
3,T3,Engrais mineral,plant 5,Stage L3 AGRI,2021,Perimetre maraicher Torgokaha,2020-12-01,2021-01-04,4.86,Sem AS,2021-01-11,1.00,Sem AR,2021-01-25,3.00,Sem AR,20.25,6.50,4.20,2021-02-08,5.00,Sem AR,32.50,10.50,5.76,2021-02-10,5.29,Sem AR,2021-02-15,6.00,Sem AR,38.50,11.00,6.50,2021-02-22,7.00,Sem AR,44.50,13.00,6.69,2021-02-25,7.43,Sem AR,,,,2021-03-04,8.43,Sem AR,,,,2021-03-11,9.43,Sem AR,,,,2021-03-11,9.43,Sem AR,2021-03-20,2021-03-27,11.71,Sem AR,,,,
3,T3,Engrais mineral,plant 7,Stage L3 AGRI,2021,Perimetre maraicher Torgokaha,2020-12-01,2021-01-04,4.86,Sem AS,2021-01-11,1.00,Sem AR,2021-01-25,3.00,Sem AR,13.75,6.50,4.60,2021-02-08,5.00,Sem AR,40.00,14.00,7.00,2021-02-10,5.29,Sem AR,2021-02-15,6.00,Sem AR,46.00,18.00,9.00,2021-02-22,7.00,Sem AR,55.00,20.00,8.32,2021-02-25,7.43,Sem AR,,,,2021-03-04,8.43,Sem AR,,,,2021-03-11,9.43,Sem AR,,,,2021-03-11,9.43,Sem AR,2021-03-20,2021-03-27,11.71,Sem AR,,,,
3,T4,"50% FPorcs,50% Eng. Min.",plant 1,Stage L3 AGRI,2021,Perimetre maraicher Torgokaha,2020-12-01,2021-01-04,4.86,Sem AS,2021-01-11,1.00,Sem AR,2021-01-25,3.00,Sem AR,19.50,8.50,5.25,2021-02-08,5.00,Sem AR,41.50,12.00,6.50,2021-02-10,5.29,Sem AR,2021-02-15,6.00,Sem AR,45.00,13.00,6.00,2021-02-22,7.00,Sem AR,50.50,15.00,8.26,2021-02-25,7.43,Sem AR,6,49.33,2.00,2021-03-04,8.43,Sem AR,3,45.33,10.67,2021-03-11,9.43,Sem AR,3,32.00,12.00,2021-03-11,9.43,Sem AR,2021-03-20,2021-03-27,11.71,Sem AR,4.00,1209.33,1209.33,1.21
3,T4,"50% FPorcs,50% Eng. Min.",plant 3,Stage L3 AGRI,2021,Perimetre maraicher Torgokaha,2020-12-01,2021-01-04,4.86,Sem AS,2021-01-11,1.00,Sem AR,2021-01-25,3.00,Sem AR,15.75,5.50,4.80,2021-02-08,5.00,Sem AR,23.75,9.00,6.50,2021-02-10,5.29,Sem AR,2021-02-15,6.00,Sem AR,28.75,10.50,7.65,2021-02-22,7.00,Sem AR,30.00,8.00,6.15,2021-02-25,7.43,Sem AR,,,,2021-03-04,8.43,Sem AR,,,,2021-03-11,9.43,Sem AR,,,,2021-03-11,9.43,Sem AR,2021-03-20,2021-03-27,11.71,Sem AR,,,,
3,T4,"50% FPorcs,50% Eng. Min.",plant 5,Stage L3 AGRI,2021,Perimetre maraicher Torgokaha,2020-12-01,2021-01-04,4.86,Sem AS,2021-01-11,1.00,Sem AR,2021-01-25,3.00,Sem AR,21.25,10.00,5.33,2021-02-08,5.00,Sem AR,42.25,17.00,7.50,2021-02-10,5.29,Sem AR,2021-02-15,6.00,Sem AR,34.00,11.00,7.00,2021-02-22,7.00,Sem AR,36.50,10.00,7.00,2021-02-25,7.43,Sem AR,,,,2021-03-04,8.43,Sem AR,,,,2021-03-11,9.43,Sem AR,,,,2021-03-11,9.43,Sem AR,2021-03-20,2021-03-27,11.71,Sem AR,,,,
3,T4,"50% FPorcs,50% Eng. Min.",plant 7,Stage L3 AGRI,2021,Perimetre maraicher Torgokaha,2020-12-01,2021-01-04,4.86,Sem AS,2021-01-11,1.00,Sem AR,2021-01-25,3.00,Sem AR,17.75,8.50,5.30,2021-02-08,5.00,Sem AR,32.50,9.00,6.48,2021-02-10,5.29,Sem AR,2021-02-15,6.00,Sem AR,37.50,15.00,7.20,2021-02-22,7.00,Sem AR,39.00,7.00,7.30,2021-02-25,7.43,Sem AR,,,,2021-03-04,8.43,Sem AR,,,,2021-03-11,9.43,Sem AR,,,,2021-03-11,9.43,Sem AR,2021-03-20,2021-03-27,11.71,Sem AR,,,,
3,T5,"50% FPoulets,50% Eng. Min.",plant 1,Stage L3 AGRI,2021,Perimetre maraicher Torgokaha,2020-12-01,2021-01-04,4.86,Sem AS,2021-01-11,1.00,Sem AR,2021-01-25,3.00,Sem AR,17.50,8.50,4.70,2021-02-08,5.00,Sem AR,33.00,17.00,6.71,2021-02-10,5.29,Sem AR,2021-02-15,6.00,Sem AR,40.00,17.50,7.66,2021-02-22,7.00,Sem AR,46.50,16.50,8.75,2021-02-25,7.43,Sem AR,7,136.57,25.71,2021-03-04,8.43,Sem AR,5,157.60,43.20,2021-03-11,9.43,Sem AR,5,100.80,48.00,2021-03-11,9.43,Sem AR,2021-03-20,2021-03-27,11.71,Sem AR,16.80,3061.60,3061.60,3.06
3,T5,"50% FPoulets,50% Eng. Min.",plant 3,Stage L3 AGRI,2021,Perimetre maraicher Torgokaha,2020-12-01,2021-01-04,4.86,Sem AS,2021-01-11,1.00,Sem AR,2021-01-25,3.00,Sem AR,17.75,10.00,5.00,2021-02-08,5.00,Sem AR,42.50,17.00,7.00,2021-02-10,5.29,Sem AR,2021-02-15,6.00,Sem AR,51.00,19.50,8.47,2021-02-22,7.00,Sem AR,58.50,19.00,9.00,2021-02-25,7.43,Sem AR,,,,2021-03-04,8.43,Sem AR,,,,2021-03-11,9.43,Sem AR,,,,2021-03-11,9.43,Sem AR,2021-03-20,2021-03-27,11.71,Sem AR,,,,
3,T5,"50% FPoulets,50% Eng. Min.",plant 5,Stage L3 AGRI,2021,Perimetre maraicher Torgokaha,2020-12-01,2021-01-04,4.86,Sem AS,2021-01-11,1.00,Sem AR,2021-01-25,3.00,Sem AR,12.00,5.50,3.77,2021-02-08,5.00,Sem AR,20.50,9.00,5.25,2021-02-10,5.29,Sem AR,2021-02-15,6.00,Sem AR,26.00,10.50,5.50,2021-02-22,7.00,Sem AR,30.50,9.50,6.70,2021-02-25,7.43,Sem AR,,,,2021-03-04,8.43,Sem AR,,,,2021-03-11,9.43,Sem AR,,,,2021-03-11,9.43,Sem AR,2021-03-20,2021-03-27,11.71,Sem AR,,,,
3,T5,"50% FPoulets,50% Eng. Min.",plant 7,Stage L3 AGRI,2021,Perimetre maraicher Torgokaha,2020-12-01,2021-01-04,4.86,Sem AS,2021-01-11,1.00,Sem AR,2021-01-25,3.00,Sem AR,20.75,9.00,5.28,2021-02-08,5.00,Sem AR,38.00,15.00,7.00,2021-02-10,5.29,Sem AR,2021-02-15,6.00,Sem AR,39.00,10.00,6.20,2021-02-22,7.00,Sem AR,43.00,6.00,7.28,2021-02-25,7.43,Sem AR,,,,2021-03-04,8.43,Sem AR,,,,2021-03-11,9.43,Sem AR,,,,2021-03-11,9.43,Sem AR,2021-03-20,2021-03-27,11.71,Sem AR,,,,
4,T0,Temoin,plant 1,Stage L3 AGRI,2021,Perimetre maraicher Torgokaha,2020-12-01,2021-01-04,4.86,Sem AS,2021-01-11,1.00,Sem AR,2021-01-25,3.00,Sem AR,20.25,8.00,4.00,2021-02-08,5.00,Sem AR,28.50,8.50,5.00,2021-02-10,5.29,Sem AR,2021-02-15,6.00,Sem AR,34.50,10.00,5.00,2021-02-22,7.00,Sem AR,37.75,12.00,5.00,2021-02-25,7.43,Sem AR,6,38.00,2.67,2021-03-04,8.43,Sem AR,6,34.67,6.00,2021-03-11,9.43,Sem AR,6,39.33,12.67,2021-03-11,9.43,Sem AR,2021-03-20,2021-03-27,11.71,Sem AR,2.00,279.33,279.33,0.28
4,T0,Temoin,plant 3,Stage L3 AGRI,2021,Perimetre maraicher Torgokaha,2020-12-01,2021-01-04,4.86,Sem AS,2021-01-11,1.00,Sem AR,2021-01-25,3.00,Sem AR,17.50,7.00,3.00,2021-02-08,5.00,Sem AR,20.50,7.00,4.20,2021-02-10,5.29,Sem AR,2021-02-15,6.00,Sem AR,22.00,8.00,4.20,2021-02-22,7.00,Sem AR,26.00,6.00,4.50,2021-02-25,7.43,Sem AR,,,,2021-03-04,8.43,Sem AR,,,,2021-03-11,9.43,Sem AR,,,,2021-03-11,9.43,Sem AR,2021-03-20,2021-03-27,11.71,Sem AR,,,,
4,T0,Temoin,plant 5,Stage L3 AGRI,2021,Perimetre maraicher Torgokaha,2020-12-01,2021-01-04,4.86,Sem AS,2021-01-11,1.00,Sem AR,2021-01-25,3.00,Sem AR,18.50,6.00,3.00,2021-02-08,5.00,Sem AR,20.50,5.00,4.24,2021-02-10,5.29,Sem AR,2021-02-15,6.00,Sem AR,23.00,7.00,4.48,2021-02-22,7.00,Sem AR,28.00,8.00,5.00,2021-02-25,7.43,Sem AR,,,,2021-03-04,8.43,Sem AR,,,,2021-03-11,9.43,Sem AR,,,,2021-03-11,9.43,Sem AR,2021-03-20,2021-03-27,11.71,Sem AR,,,,
4,T0,Temoin,plant 7,Stage L3 AGRI,2021,Perimetre maraicher Torgokaha,2020-12-01,2021-01-04,4.86,Sem AS,2021-01-11,1.00,Sem AR,2021-01-25,3.00,Sem AR,23.50,6.50,4.09,2021-02-08,5.00,Sem AR,23.75,5.00,4.30,2021-02-10,5.29,Sem AR,2021-02-15,6.00,Sem AR,26.00,5.00,5.00,2021-02-22,7.00,Sem AR,27.50,5.50,5.10,2021-02-25,7.43,Sem AR,,,,2021-03-04,8.43,Sem AR,,,,2021-03-11,9.43,Sem AR,,,,2021-03-11,9.43,Sem AR,2021-03-20,2021-03-27,11.71,Sem AR,,,,
4,T1,Fumier porcs,plant 1,Stage L3 AGRI,2021,Perimetre maraicher Torgokaha,2020-12-01,2021-01-04,4.86,Sem AS,2021-01-11,1.00,Sem AR,2021-01-25,3.00,Sem AR,15.50,7.50,4.01,2021-02-08,5.00,Sem AR,36.00,12.50,6.05,2021-02-10,5.29,Sem AR,2021-02-15,6.00,Sem AR,40.50,13.50,6.10,2021-02-22,7.00,Sem AR,41.25,12.50,6.50,2021-02-25,7.43,Sem AR,8,79.00,8.00,2021-03-04,8.43,Sem AR,8,74.00,13.00,2021-03-11,9.43,Sem AR,8,46.00,24.50,2021-03-11,9.43,Sem AR,2021-03-20,2021-03-27,11.71,Sem AR,3.50,640.50,640.50,0.64
4,T1,Fumier porcs,plant 3,Stage L3 AGRI,2021,Perimetre maraicher Torgokaha,2020-12-01,2021-01-04,4.86,Sem AS,2021-01-11,1.00,Sem AR,2021-01-25,3.00,Sem AR,16.50,8.00,4.02,2021-02-08,5.00,Sem AR,21.75,7.50,4.71,2021-02-10,5.29,Sem AR,2021-02-15,6.00,Sem AR,24.75,9.00,5.00,2021-02-22,7.00,Sem AR,30.25,8.00,5.00,2021-02-25,7.43,Sem AR,,,,2021-03-04,8.43,Sem AR,,,,2021-03-11,9.43,Sem AR,,,,2021-03-11,9.43,Sem AR,2021-03-20,2021-03-27,11.71,Sem AR,,,,
4,T1,Fumier porcs,plant 5,Stage L3 AGRI,2021,Perimetre maraicher Torgokaha,2020-12-01,2021-01-04,4.86,Sem AS,2021-01-11,1.00,Sem AR,2021-01-25,3.00,Sem AR,17.00,8.50,3.57,2021-02-08,5.00,Sem AR,31.75,11.00,5.06,2021-02-10,5.29,Sem AR,2021-02-15,6.00,Sem AR,37.00,14.00,5.29,2021-02-22,7.00,Sem AR,40.00,14.00,6.60,2021-02-25,7.43,Sem AR,,,,2021-03-04,8.43,Sem AR,,,,2021-03-11,9.43,Sem AR,,,,2021-03-11,9.43,Sem AR,2021-03-20,2021-03-27,11.71,Sem AR,,,,
4,T1,Fumier porcs,plant 7,Stage L3 AGRI,2021,Perimetre maraicher Torgokaha,2020-12-01,2021-01-04,4.86,Sem AS,2021-01-11,1.00,Sem AR,2021-01-25,3.00,Sem AR,14.75,7.50,3.44,2021-02-08,5.00,Sem AR,30.25,10.50,5.00,2021-02-10,5.29,Sem AR,2021-02-15,6.00,Sem AR,36.00,11.50,5.00,2021-02-22,7.00,Sem AR,38.00,10.50,5.10,2021-02-25,7.43,Sem AR,,,,2021-03-04,8.43,Sem AR,,,,2021-03-11,9.43,Sem AR,,,,2021-03-11,9.43,Sem AR,2021-03-20,2021-03-27,11.71,Sem AR,,,,
4,T2,Fumier poulets,plant 1,Stage L3 AGRI,2021,Perimetre maraicher Torgokaha,2020-12-01,2021-01-04,4.86,Sem AS,2021-01-11,1.00,Sem AR,2021-01-25,3.00,Sem AR,26.20,8.00,4.31,2021-02-08,5.00,Sem AR,32.00,10.00,5.20,2021-02-10,5.29,Sem AR,2021-02-15,6.00,Sem AR,36.25,10.50,5.40,2021-02-22,7.00,Sem AR,38.25,10.50,5.64,2021-02-25,7.43,Sem AR,8,53.50,7.50,2021-03-04,8.43,Sem AR,7,50.29,14.86,2021-03-11,9.43,Sem AR,7,48.57,21.71,2021-03-11,9.43,Sem AR,2021-03-20,2021-03-27,11.71,Sem AR,5.14,881.14,881.14,0.88
4,T2,Fumier poulets,plant 3,Stage L3 AGRI,2021,Perimetre maraicher Torgokaha,2020-12-01,2021-01-04,4.86,Sem AS,2021-01-11,1.00,Sem AR,2021-01-25,3.00,Sem AR,29.50,9.50,4.85,2021-02-08,5.00,Sem AR,41.25,11.50,6.35,2021-02-10,5.29,Sem AR,2021-02-15,6.00,Sem AR,43.25,13.50,6.60,2021-02-22,7.00,Sem AR,46.50,14.50,7.00,2021-02-25,7.43,Sem AR,,,,2021-03-04,8.43,Sem AR,,,,2021-03-11,9.43,Sem AR,,,,2021-03-11,9.43,Sem AR,2021-03-20,2021-03-27,11.71,Sem AR,,,,
4,T2,Fumier poulets,plant 5,Stage L3 AGRI,2021,Perimetre maraicher Torgokaha,2020-12-01,2021-01-04,4.86,Sem AS,2021-01-11,1.00,Sem AR,2021-01-25,3.00,Sem AR,26.25,7.50,3.95,2021-02-08,5.00,Sem AR,27.00,10.50,5.60,2021-02-10,5.29,Sem AR,2021-02-15,6.00,Sem AR,32.50,12.00,5.84,2021-02-22,7.00,Sem AR,39.00,12.50,6.55,2021-02-25,7.43,Sem AR,,,,2021-03-04,8.43,Sem AR,,,,2021-03-11,9.43,Sem AR,,,,2021-03-11,9.43,Sem AR,2021-03-20,2021-03-27,11.71,Sem AR,,,,
4,T2,Fumier poulets,plant 7,Stage L3 AGRI,2021,Perimetre maraicher Torgokaha,2020-12-01,2021-01-04,4.86,Sem AS,2021-01-11,1.00,Sem AR,2021-01-25,3.00,Sem AR,28.50,7.50,4.15,2021-02-08,5.00,Sem AR,34.50,8.00,4.81,2021-02-10,5.29,Sem AR,2021-02-15,6.00,Sem AR,37.25,10.00,5.25,2021-02-22,7.00,Sem AR,39.75,8.50,5.65,2021-02-25,7.43,Sem AR,,,,2021-03-04,8.43,Sem AR,,,,2021-03-11,9.43,Sem AR,,,,2021-03-11,9.43,Sem AR,2021-03-20,2021-03-27,11.71,Sem AR,,,,
4,T3,Engrais mineral,plant 1,Stage L3 AGRI,2021,Perimetre maraicher Torgokaha,2020-12-01,2021-01-04,4.86,Sem AS,2021-01-11,1.00,Sem AR,2021-01-25,3.00,Sem AR,29.25,10.00,5.10,2021-02-08,5.00,Sem AR,41.00,10.50,6.35,2021-02-10,5.29,Sem AR,2021-02-15,6.00,Sem AR,51.50,17.00,7.00,2021-02-22,7.00,Sem AR,54.00,7.00,7.00,2021-02-25,7.43,Sem AR,7,64.57,7.43,2021-03-04,8.43,Sem AR,4,60.00,15.00,2021-03-11,9.43,Sem AR,4,49.00,21.00,2021-03-11,9.43,Sem AR,2021-03-20,2021-03-27,11.71,Sem AR,5.00,866.00,866.00,0.87
4,T3,Engrais mineral,plant 3,Stage L3 AGRI,2021,Perimetre maraicher Torgokaha,2020-12-01,2021-01-04,4.86,Sem AS,2021-01-11,1.00,Sem AR,2021-01-25,3.00,Sem AR,29.00,11.00,5.00,2021-02-08,5.00,Sem AR,45.00,13.00,6.30,2021-02-10,5.29,Sem AR,2021-02-15,6.00,Sem AR,38.00,11.00,7.00,2021-02-22,7.00,Sem AR,44.00,13.00,7.00,2021-02-25,7.43,Sem AR,,,,2021-03-04,8.43,Sem AR,,,,2021-03-11,9.43,Sem AR,,,,2021-03-11,9.43,Sem AR,2021-03-20,2021-03-27,11.71,Sem AR,,,,
4,T3,Engrais mineral,plant 5,Stage L3 AGRI,2021,Perimetre maraicher Torgokaha,2020-12-01,2021-01-04,4.86,Sem AS,2021-01-11,1.00,Sem AR,2021-01-25,3.00,Sem AR,26.50,9.50,4.25,2021-02-08,5.00,Sem AR,39.25,11.00,5.40,2021-02-10,5.29,Sem AR,2021-02-15,6.00,Sem AR,42.75,12.50,5.63,2021-02-22,7.00,Sem AR,44.50,9.50,6.00,2021-02-25,7.43,Sem AR,,,,2021-03-04,8.43,Sem AR,,,,2021-03-11,9.43,Sem AR,,,,2021-03-11,9.43,Sem AR,2021-03-20,2021-03-27,11.71,Sem AR,,,,
4,T3,Engrais mineral,plant 7,Stage L3 AGRI,2021,Perimetre maraicher Torgokaha,2020-12-01,2021-01-04,4.86,Sem AS,2021-01-11,1.00,Sem AR,2021-01-25,3.00,Sem AR,12.50,5.50,3.32,2021-02-08,5.00,Sem AR,23.00,8.00,4.40,2021-02-10,5.29,Sem AR,2021-02-15,6.00,Sem AR,24.25,10.00,5.15,2021-02-22,7.00,Sem AR,28.25,7.00,5.32,2021-02-25,7.43,Sem AR,,,,2021-03-04,8.43,Sem AR,,,,2021-03-11,9.43,Sem AR,,,,2021-03-11,9.43,Sem AR,2021-03-20,2021-03-27,11.71,Sem AR,,,,
4,T4,"50% FPorcs,50% Eng. Min.",plant 1,Stage L3 AGRI,2021,Perimetre maraicher Torgokaha,2020-12-01,2021-01-04,4.86,Sem AS,2021-01-11,1.00,Sem AR,2021-01-25,3.00,Sem AR,19.00,6.50,4.89,2021-02-08,5.00,Sem AR,21.25,7.50,5.50,2021-02-10,5.29,Sem AR,2021-02-15,6.00,Sem AR,24.50,9.50,5.89,2021-02-22,7.00,Sem AR,31.75,10.50,7.05,2021-02-25,7.43,Sem AR,6,80.00,5.33,2021-03-04,8.43,Sem AR,6,74.67,10.67,2021-03-11,9.43,Sem AR,6,97.33,22.67,2021-03-11,9.43,Sem AR,2021-03-20,2021-03-27,11.71,Sem AR,3.33,989.33,989.33,0.99
4,T4,"50% FPorcs,50% Eng. Min.",plant 3,Stage L3 AGRI,2021,Perimetre maraicher Torgokaha,2020-12-01,2021-01-04,4.86,Sem AS,2021-01-11,1.00,Sem AR,2021-01-25,3.00,Sem AR,22.50,8.00,3.85,2021-02-08,5.00,Sem AR,35.00,10.50,5.00,2021-02-10,5.29,Sem AR,2021-02-15,6.00,Sem AR,41.75,9.00,5.66,2021-02-22,7.00,Sem AR,44.00,9.50,6.18,2021-02-25,7.43,Sem AR,,,,2021-03-04,8.43,Sem AR,,,,2021-03-11,9.43,Sem AR,,,,2021-03-11,9.43,Sem AR,2021-03-20,2021-03-27,11.71,Sem AR,,,,
4,T4,"50% FPorcs,50% Eng. Min.",plant 5,Stage L3 AGRI,2021,Perimetre maraicher Torgokaha,2020-12-01,2021-01-04,4.86,Sem AS,2021-01-11,1.00,Sem AR,2021-01-25,3.00,Sem AR,21.00,8.00,4.50,2021-02-08,5.00,Sem AR,31.25,9.50,5.85,2021-02-10,5.29,Sem AR,2021-02-15,6.00,Sem AR,35.50,12.50,6.10,2021-02-22,7.00,Sem AR,38.25,12.50,6.67,2021-02-25,7.43,Sem AR,,,,2021-03-04,8.43,Sem AR,,,,2021-03-11,9.43,Sem AR,,,,2021-03-11,9.43,Sem AR,2021-03-20,2021-03-27,11.71,Sem AR,,,,
4,T4,"50% FPorcs,50% Eng. Min.",plant 7,Stage L3 AGRI,2021,Perimetre maraicher Torgokaha,2020-12-01,2021-01-04,4.86,Sem AS,2021-01-11,1.00,Sem AR,2021-01-25,3.00,Sem AR,16.75,7.50,3.62,2021-02-08,5.00,Sem AR,22.50,8.50,4.50,2021-02-10,5.29,Sem AR,2021-02-15,6.00,Sem AR,27.50,11.00,6.50,2021-02-22,7.00,Sem AR,37.25,15.00,6.50,2021-02-25,7.43,Sem AR,,,,2021-03-04,8.43,Sem AR,,,,2021-03-11,9.43,Sem AR,,,,2021-03-11,9.43,Sem AR,2021-03-20,2021-03-27,11.71,Sem AR,,,,
4,T5,"50% FPoulets,50% Eng. Min.",plant 1,Stage L3 AGRI,2021,Perimetre maraicher Torgokaha,2020-12-01,2021-01-04,4.86,Sem AS,2021-01-11,1.00,Sem AR,2021-01-25,3.00,Sem AR,20.00,8.50,4.16,2021-02-08,5.00,Sem AR,39.75,12.00,6.54,2021-02-10,5.29,Sem AR,2021-02-15,6.00,Sem AR,43.00,12.50,7.87,2021-02-22,7.00,Sem AR,43.00,13.00,8.27,2021-02-25,7.43,Sem AR,8,66.50,8.50,2021-03-04,8.43,Sem AR,4,93.00,21.00,2021-03-11,9.43,Sem AR,4,63.00,36.00,2021-03-11,9.43,Sem AR,2021-03-20,2021-03-27,11.71,Sem AR,5.00,1112.00,1112.00,1.11
4,T5,"50% FPoulets,50% Eng. Min.",plant 3,Stage L3 AGRI,2021,Perimetre maraicher Torgokaha,2020-12-01,2021-01-04,4.86,Sem AS,2021-01-11,1.00,Sem AR,2021-01-25,3.00,Sem AR,32.50,10.00,5.31,2021-02-08,5.00,Sem AR,50.00,16.50,7.21,2021-02-10,5.29,Sem AR,2021-02-15,6.00,Sem AR,54.00,14.00,7.75,2021-02-22,7.00,Sem AR,54.50,14.00,8.23,2021-02-25,7.43,Sem AR,,,,2021-03-04,8.43,Sem AR,,,,2021-03-11,9.43,Sem AR,,,,2021-03-11,9.43,Sem AR,2021-03-20,2021-03-27,11.71,Sem AR,,,,
4,T5,"50% FPoulets,50% Eng. Min.",plant 5,Stage L3 AGRI,2021,Perimetre maraicher Torgokaha,2020-12-01,2021-01-04,4.86,Sem AS,2021-01-11,1.00,Sem AR,2021-01-25,3.00,Sem AR,15.75,7.00,4.65,2021-02-08,5.00,Sem AR,25.50,10.50,5.39,2021-02-10,5.29,Sem AR,2021-02-15,6.00,Sem AR,26.75,10.00,6.00,2021-02-22,7.00,Sem AR,28.00,11.00,7.00,2021-02-25,7.43,Sem AR,,,,2021-03-04,8.43,Sem AR,,,,2021-03-11,9.43,Sem AR,,,,2021-03-11,9.43,Sem AR,2021-03-20,2021-03-27,11.71,Sem AR,,,,
4,T5,"50% FPoulets,50% Eng. Min.",plant 7,Stage L3 AGRI,2021,Perimetre maraicher Torgokaha,2020-12-01,2021-01-04,4.86,Sem AS,2021-01-11,1.00,Sem AR,2021-01-25,3.00,Sem AR,12.50,7.00,3.76,2021-02-08,5.00,Sem AR,30.00,11.00,5.50,2021-02-10,5.29,Sem AR,2021-02-15,6.00,Sem AR,35.00,11.00,7.00,2021-02-22,7.00,Sem AR,39.50,12.00,7.10,2021-02-25,7.43,Sem AR,,,,2021-03-04,8.43,Sem AR,,,,2021-03-11,9.43,Sem AR,,,,2021-03-11,9.43,Sem AR,2021-03-20,2021-03-27,11.71,Sem AR,,,,
5,T0,Temoin,plant 1,Stage L3 AGRI,2021,Perimetre maraicher Torgokaha,2020-12-01,2021-01-04,4.86,Sem AS,2021-01-11,1.00,Sem AR,2021-01-25,3.00,Sem AR,17.75,7.00,4.37,2021-02-08,5.00,Sem AR,27.50,9.50,5.50,2021-02-10,5.29,Sem AR,2021-02-15,6.00,Sem AR,31.50,9.50,6.60,2021-02-22,7.00,Sem AR,38.50,6.50,6.50,2021-02-25,7.43,Sem AR,7,70.86,16.00,2021-03-04,8.43,Sem AR,7,67.43,19.43,2021-03-11,9.43,Sem AR,6,83.33,22.00,2021-03-11,9.43,Sem AR,2021-03-20,2021-03-27,11.71,Sem AR,7.33,1074.67,1074.67,1.07
5,T0,Temoin,plant 3,Stage L3 AGRI,2021,Perimetre maraicher Torgokaha,2020-12-01,2021-01-04,4.86,Sem AS,2021-01-11,1.00,Sem AR,2021-01-25,3.00,Sem AR,14.75,6.50,5.23,2021-02-08,5.00,Sem AR,17.75,7.00,5.85,2021-02-10,5.29,Sem AR,2021-02-15,6.00,Sem AR,20.25,7.50,6.00,2021-02-22,7.00,Sem AR,26.50,8.00,6.50,2021-02-25,7.43,Sem AR,,,,2021-03-04,8.43,Sem AR,,,,2021-03-11,9.43,Sem AR,,,,2021-03-11,9.43,Sem AR,2021-03-20,2021-03-27,11.71,Sem AR,,,,
5,T0,Temoin,plant 5,Stage L3 AGRI,2021,Perimetre maraicher Torgokaha,2020-12-01,2021-01-04,4.86,Sem AS,2021-01-11,1.00,Sem AR,2021-01-25,3.00,Sem AR,16.75,8.00,6.25,2021-02-08,5.00,Sem AR,18.75,7.50,5.45,2021-02-10,5.29,Sem AR,2021-02-15,6.00,Sem AR,23.25,8.00,6.65,2021-02-22,7.00,Sem AR,29.25,10.00,5.11,2021-02-25,7.43,Sem AR,,,,2021-03-04,8.43,Sem AR,,,,2021-03-11,9.43,Sem AR,,,,2021-03-11,9.43,Sem AR,2021-03-20,2021-03-27,11.71,Sem AR,,,,
5,T0,Temoin,plant 7,Stage L3 AGRI,2021,Perimetre maraicher Torgokaha,2020-12-01,2021-01-04,4.86,Sem AS,2021-01-11,1.00,Sem AR,2021-01-25,3.00,Sem AR,20.50,9.50,6.50,2021-02-08,5.00,Sem AR,33.25,10.50,7.80,2021-02-10,5.29,Sem AR,2021-02-15,6.00,Sem AR,39.75,16.50,8.30,2021-02-22,7.00,Sem AR,44.25,16.00,8.35,2021-02-25,7.43,Sem AR,,,,2021-03-04,8.43,Sem AR,,,,2021-03-11,9.43,Sem AR,,,,2021-03-11,9.43,Sem AR,2021-03-20,2021-03-27,11.71,Sem AR,,,,
5,T1,Fumier porcs,plant 1,Stage L3 AGRI,2021,Perimetre maraicher Torgokaha,2020-12-01,2021-01-04,4.86,Sem AS,2021-01-11,1.00,Sem AR,2021-01-25,3.00,Sem AR,18.75,9.00,5.04,2021-02-08,5.00,Sem AR,33.25,12.00,5.84,2021-02-10,5.29,Sem AR,2021-02-15,6.00,Sem AR,33.25,10.50,6.84,2021-02-22,7.00,Sem AR,33.75,10.50,7.06,2021-02-25,7.43,Sem AR,7,61.14,10.86,2021-03-04,8.43,Sem AR,7,58.29,14.86,2021-03-11,9.43,Sem AR,6,38.67,12.00,2021-03-11,9.43,Sem AR,2021-03-20,2021-03-27,11.71,Sem AR,2.67,479.33,479.33,0.48
5,T1,Fumier porcs,plant 3,Stage L3 AGRI,2021,Perimetre maraicher Torgokaha,2020-12-01,2021-01-04,4.86,Sem AS,2021-01-11,1.00,Sem AR,2021-01-25,3.00,Sem AR,26.00,11.00,6.50,2021-02-08,5.00,Sem AR,41.75,12.50,7.50,2021-02-10,5.29,Sem AR,2021-02-15,6.00,Sem AR,42.00,12.00,7.00,2021-02-22,7.00,Sem AR,43.50,9.50,7.50,2021-02-25,7.43,Sem AR,,,,2021-03-04,8.43,Sem AR,,,,2021-03-11,9.43,Sem AR,,,,2021-03-11,9.43,Sem AR,2021-03-20,2021-03-27,11.71,Sem AR,,,,
5,T1,Fumier porcs,plant 5,Stage L3 AGRI,2021,Perimetre maraicher Torgokaha,2020-12-01,2021-01-04,4.86,Sem AS,2021-01-11,1.00,Sem AR,2021-01-25,3.00,Sem AR,17.25,8.50,4.69,2021-02-08,5.00,Sem AR,30.00,10.50,5.56,2021-02-10,5.29,Sem AR,2021-02-15,6.00,Sem AR,36.50,14.00,5.66,2021-02-22,7.00,Sem AR,38.00,13.50,6.50,2021-02-25,7.43,Sem AR,,,,2021-03-04,8.43,Sem AR,,,,2021-03-11,9.43,Sem AR,,,,2021-03-11,9.43,Sem AR,2021-03-20,2021-03-27,11.71,Sem AR,,,,
5,T1,Fumier porcs,plant 7,Stage L3 AGRI,2021,Perimetre maraicher Torgokaha,2020-12-01,2021-01-04,4.86,Sem AS,2021-01-11,1.00,Sem AR,2021-01-25,3.00,Sem AR,17.75,7.00,4.60,2021-02-08,5.00,Sem AR,31.00,9.50,5.25,2021-02-10,5.29,Sem AR,2021-02-15,6.00,Sem AR,31.75,9.50,5.60,2021-02-22,7.00,Sem AR,36.50,12.50,6.48,2021-02-25,7.43,Sem AR,,,,2021-03-04,8.43,Sem AR,,,,2021-03-11,9.43,Sem AR,,,,2021-03-11,9.43,Sem AR,2021-03-20,2021-03-27,11.71,Sem AR,,,,
5,T2,Fumier poulets,plant 1,Stage L3 AGRI,2021,Perimetre maraicher Torgokaha,2020-12-01,2021-01-04,4.86,Sem AS,2021-01-11,1.00,Sem AR,2021-01-25,3.00,Sem AR,15.50,7.00,4.68,2021-02-08,5.00,Sem AR,19.75,5.50,5.76,2021-02-10,5.29,Sem AR,2021-02-15,6.00,Sem AR,22.00,9.00,5.50,2021-02-22,7.00,Sem AR,32.25,11.00,6.74,2021-02-25,7.43,Sem AR,7,70.86,12.00,2021-03-04,8.43,Sem AR,7,68.00,14.86,2021-03-11,9.43,Sem AR,7,64.00,18.86,2021-03-11,9.43,Sem AR,2021-03-20,2021-03-27,11.71,Sem AR,7.43,1504.57,1504.57,1.50
5,T2,Fumier poulets,plant 3,Stage L3 AGRI,2021,Perimetre maraicher Torgokaha,2020-12-01,2021-01-04,4.86,Sem AS,2021-01-11,1.00,Sem AR,2021-01-25,3.00,Sem AR,21.50,8.00,4.50,2021-02-08,5.00,Sem AR,31.00,7.00,6.00,2021-02-10,5.29,Sem AR,2021-02-15,6.00,Sem AR,33.00,5.00,6.00,2021-02-22,7.00,Sem AR,34.50,7.00,6.00,2021-02-25,7.43,Sem AR,,,,2021-03-04,8.43,Sem AR,,,,2021-03-11,9.43,Sem AR,,,,2021-03-11,9.43,Sem AR,2021-03-20,2021-03-27,11.71,Sem AR,,,,
5,T2,Fumier poulets,plant 5,Stage L3 AGRI,2021,Perimetre maraicher Torgokaha,2020-12-01,2021-01-04,4.86,Sem AS,2021-01-11,1.00,Sem AR,2021-01-25,3.00,Sem AR,20.50,8.50,4.50,2021-02-08,5.00,Sem AR,36.50,11.50,6.30,2021-02-10,5.29,Sem AR,2021-02-15,6.00,Sem AR,37.50,17.00,7.00,2021-02-22,7.00,Sem AR,41.00,19.00,8.00,2021-02-25,7.43,Sem AR,,,,2021-03-04,8.43,Sem AR,,,,2021-03-11,9.43,Sem AR,,,,2021-03-11,9.43,Sem AR,2021-03-20,2021-03-27,11.71,Sem AR,,,,
5,T2,Fumier poulets,plant 7,Stage L3 AGRI,2021,Perimetre maraicher Torgokaha,2020-12-01,2021-01-04,4.86,Sem AS,2021-01-11,1.00,Sem AR,2021-01-25,3.00,Sem AR,21.00,9.50,5.00,2021-02-08,5.00,Sem AR,30.75,8.50,5.80,2021-02-10,5.29,Sem AR,2021-02-15,6.00,Sem AR,32.00,8.00,6.00,2021-02-22,7.00,Sem AR,34.75,9.50,6.13,2021-02-25,7.43,Sem AR,,,,2021-03-04,8.43,Sem AR,,,,2021-03-11,9.43,Sem AR,,,,2021-03-11,9.43,Sem AR,2021-03-20,2021-03-27,11.71,Sem AR,,,,
5,T3,Engrais mineral,plant 1,Stage L3 AGRI,2021,Perimetre maraicher Torgokaha,2020-12-01,2021-01-04,4.86,Sem AS,2021-01-11,1.00,Sem AR,2021-01-25,3.00,Sem AR,12.00,7.00,5.00,2021-02-08,5.00,Sem AR,30.50,10.00,6.00,2021-02-10,5.29,Sem AR,2021-02-15,6.00,Sem AR,36.00,9.00,6.30,2021-02-22,7.00,Sem AR,36.00,12.00,6.50,2021-02-25,7.43,Sem AR,7,73.14,4.00,2021-03-04,8.43,Sem AR,4,65.00,13.00,2021-03-11,9.43,Sem AR,4,61.00,19.00,2021-03-11,9.43,Sem AR,2021-03-20,2021-03-27,11.71,Sem AR,6.00,789.00,789.00,0.79
5,T3,Engrais mineral,plant 3,Stage L3 AGRI,2021,Perimetre maraicher Torgokaha,2020-12-01,2021-01-04,4.86,Sem AS,2021-01-11,1.00,Sem AR,2021-01-25,3.00,Sem AR,17.00,8.50,5.35,2021-02-08,5.00,Sem AR,31.00,11.00,5.79,2021-02-10,5.29,Sem AR,2021-02-15,6.00,Sem AR,34.00,12.00,6.50,2021-02-22,7.00,Sem AR,34.25,10.00,6.50,2021-02-25,7.43,Sem AR,,,,2021-03-04,8.43,Sem AR,,,,2021-03-11,9.43,Sem AR,,,,2021-03-11,9.43,Sem AR,2021-03-20,2021-03-27,11.71,Sem AR,,,,
5,T3,Engrais mineral,plant 5,Stage L3 AGRI,2021,Perimetre maraicher Torgokaha,2020-12-01,2021-01-04,4.86,Sem AS,2021-01-11,1.00,Sem AR,2021-01-25,3.00,Sem AR,17.00,7.00,5.00,2021-02-08,5.00,Sem AR,31.00,12.00,6.55,2021-02-10,5.29,Sem AR,2021-02-15,6.00,Sem AR,33.00,12.50,6.81,2021-02-22,7.00,Sem AR,35.25,10.50,6.71,2021-02-25,7.43,Sem AR,,,,2021-03-04,8.43,Sem AR,,,,2021-03-11,9.43,Sem AR,,,,2021-03-11,9.43,Sem AR,2021-03-20,2021-03-27,11.71,Sem AR,,,,
5,T3,Engrais mineral,plant 7,Stage L3 AGRI,2021,Perimetre maraicher Torgokaha,2020-12-01,2021-01-04,4.86,Sem AS,2021-01-11,1.00,Sem AR,2021-01-25,3.00,Sem AR,17.25,7.50,5.25,2021-02-08,5.00,Sem AR,31.75,11.00,5.90,2021-02-10,5.29,Sem AR,2021-02-15,6.00,Sem AR,36.80,11.50,7.00,2021-02-22,7.00,Sem AR,41.00,17.00,8.64,2021-02-25,7.43,Sem AR,,,,2021-03-04,8.43,Sem AR,,,,2021-03-11,9.43,Sem AR,,,,2021-03-11,9.43,Sem AR,2021-03-20,2021-03-27,11.71,Sem AR,,,,
5,T4,"50% FPorcs,50% Eng. Min.",plant 1,Stage L3 AGRI,2021,Perimetre maraicher Torgokaha,2020-12-01,2021-01-04,4.86,Sem AS,2021-01-11,1.00,Sem AR,2021-01-25,3.00,Sem AR,17.50,8.50,5.15,2021-02-08,5.00,Sem AR,36.50,11.50,5.77,2021-02-10,5.29,Sem AR,2021-02-15,6.00,Sem AR,32.50,10.50,5.80,2021-02-22,7.00,Sem AR,35.75,14.50,6.48,2021-02-25,7.43,Sem AR,8,85.50,10.00,2021-03-04,8.43,Sem AR,7,81.14,18.86,2021-03-11,9.43,Sem AR,7,64.00,28.00,2021-03-11,9.43,Sem AR,2021-03-20,2021-03-27,11.71,Sem AR,2.29,411.43,411.43,0.41
5,T4,"50% FPorcs,50% Eng. Min.",plant 3,Stage L3 AGRI,2021,Perimetre maraicher Torgokaha,2020-12-01,2021-01-04,4.86,Sem AS,2021-01-11,1.00,Sem AR,2021-01-25,3.00,Sem AR,33.75,12.50,5.23,2021-02-08,5.00,Sem AR,41.00,17.00,6.50,2021-02-10,5.29,Sem AR,2021-02-15,6.00,Sem AR,42.00,20.50,7.25,2021-02-22,7.00,Sem AR,43.00,19.50,7.75,2021-02-25,7.43,Sem AR,,,,2021-03-04,8.43,Sem AR,,,,2021-03-11,9.43,Sem AR,,,,2021-03-11,9.43,Sem AR,2021-03-20,2021-03-27,11.71,Sem AR,,,,
5,T4,"50% FPorcs,50% Eng. Min.",plant 5,Stage L3 AGRI,2021,Perimetre maraicher Torgokaha,2020-12-01,2021-01-04,4.86,Sem AS,2021-01-11,1.00,Sem AR,2021-01-25,3.00,Sem AR,15.75,6.50,4.26,2021-02-08,5.00,Sem AR,29.25,9.50,5.50,2021-02-10,5.29,Sem AR,2021-02-15,6.00,Sem AR,33.00,9.50,6.72,2021-02-22,7.00,Sem AR,41.00,12.00,7.72,2021-02-25,7.43,Sem AR,,,,2021-03-04,8.43,Sem AR,,,,2021-03-11,9.43,Sem AR,,,,2021-03-11,9.43,Sem AR,2021-03-20,2021-03-27,11.71,Sem AR,,,,
5,T4,"50% FPorcs,50% Eng. Min.",plant 7,Stage L3 AGRI,2021,Perimetre maraicher Torgokaha,2020-12-01,2021-01-04,4.86,Sem AS,2021-01-11,1.00,Sem AR,2021-01-25,3.00,Sem AR,18.00,9.50,4.80,2021-02-08,5.00,Sem AR,32.00,9.50,7.16,2021-02-10,5.29,Sem AR,2021-02-15,6.00,Sem AR,37.25,15.50,8.55,2021-02-22,7.00,Sem AR,41.25,16.50,8.55,2021-02-25,7.43,Sem AR,,,,2021-03-04,8.43,Sem AR,,,,2021-03-11,9.43,Sem AR,,,,2021-03-11,9.43,Sem AR,2021-03-20,2021-03-27,11.71,Sem AR,,,,
5,T5,"50% FPoulets,50% Eng. Min.",plant 1,Stage L3 AGRI,2021,Perimetre maraicher Torgokaha,2020-12-01,2021-01-04,4.86,Sem AS,2021-01-11,1.00,Sem AR,2021-01-25,3.00,Sem AR,19.00,9.00,5.36,2021-02-08,5.00,Sem AR,33.00,11.00,5.94,2021-02-10,5.29,Sem AR,2021-02-15,6.00,Sem AR,35.50,9.00,6.55,2021-02-22,7.00,Sem AR,48.00,14.00,8.24,2021-02-25,7.43,Sem AR,7,64.57,12.57,2021-03-04,8.43,Sem AR,5,72.80,24.80,2021-03-11,9.43,Sem AR,5,56.00,24.00,2021-03-11,9.43,Sem AR,2021-03-20,2021-03-27,11.71,Sem AR,10.40,1283.20,1283.20,1.28
5,T5,"50% FPoulets,50% Eng. Min.",plant 3,Stage L3 AGRI,2021,Perimetre maraicher Torgokaha,2020-12-01,2021-01-04,4.86,Sem AS,2021-01-11,1.00,Sem AR,2021-01-25,3.00,Sem AR,16.50,8.00,5.00,2021-02-08,5.00,Sem AR,27.75,11.00,6.35,2021-02-10,5.29,Sem AR,2021-02-15,6.00,Sem AR,32.25,11.00,6.59,2021-02-22,7.00,Sem AR,33.50,10.50,7.33,2021-02-25,7.43,Sem AR,,,,2021-03-04,8.43,Sem AR,,,,2021-03-11,9.43,Sem AR,,,,2021-03-11,9.43,Sem AR,2021-03-20,2021-03-27,11.71,Sem AR,,,,
5,T5,"50% FPoulets,50% Eng. Min.",plant 5,Stage L3 AGRI,2021,Perimetre maraicher Torgokaha,2020-12-01,2021-01-04,4.86,Sem AS,2021-01-11,1.00,Sem AR,2021-01-25,3.00,Sem AR,19.00,9.00,5.00,2021-02-08,5.00,Sem AR,39.00,14.50,6.02,2021-02-10,5.29,Sem AR,2021-02-15,6.00,Sem AR,46.50,12.00,7.00,2021-02-22,7.00,Sem AR,47.00,14.00,6.48,2021-02-25,7.43,Sem AR,,,,2021-03-04,8.43,Sem AR,,,,2021-03-11,9.43,Sem AR,,,,2021-03-11,9.43,Sem AR,2021-03-20,2021-03-27,11.71,Sem AR,,,,
5,T5,"50% FPoulets,50% Eng. Min.",plant 7,Stage L3 AGRI,2021,Perimetre maraicher Torgokaha,2020-12-01,2021-01-04,4.86,Sem AS,2021-01-11,1.00,Sem AR,2021-01-25,3.00,Sem AR,16.50,7.00,5.00,2021-02-08,5.00,Sem AR,32.00,11.00,5.60,2021-02-10,5.29,Sem AR,2021-02-15,6.00,Sem AR,44.50,13.00,7.00,2021-02-22,7.00,Sem AR,47.00,14.00,8.24,2021-02-25,7.43,Sem AR,,,,2021-03-04,8.43,Sem AR,,,,2021-03-11,9.43,Sem AR,,,,2021-03-11,9.43,Sem AR,2021-03-20,2021-03-27,11.71,Sem AR,,,,
